event_id,campaign_id,customer_id,event_date,event_type,channel
EVT0000001,CMP2026053CSI,CUST00273,2026-05-04 11:15:37,sent,whatsapp
EVT0000002,CMP2026053CSI,CUST00273,2026-05-04 17:56:50,opened,push
EVT0000003,CMP2026053CSI,CUST00278,2026-05-11 09:12:30,sent,push
EVT0000004,CMP2026053CSI,CUST00278,2026-05-14 12:06:34,opened,whatsapp
EVT0000005,CMP2026053CSI,CUST00278,2026-05-14 13:36:00,clicked,whatsapp
EVT0000006,CMP2026053CSI,CUST00450,2026-05-07 09:46:56,sent,email
EVT0000007,CMP2026053CSI,CUST00450,2026-05-12 18:48:29,clicked,push
EVT0000008,CMP2026053CSI,CUST00384,2026-05-05 14:38:17,sent,email
EVT0000009,CMP2026053CSI,CUST00344,2026-05-08 16:18:41,sent,email
EVT0000010,CMP2026053CSI,CUST00344,2026-05-09 14:17:43,opened,whatsapp
EVT0000011,CMP2026053CSI,CUST00307,2026-05-11 15:07:48,sent,push
EVT0000012,CMP2026053CSI,CUST00307,2026-05-13 17:30:31,opened,push
EVT0000013,CMP2026053CSI,CUST00307,2026-05-14 19:19:06,clicked,email
EVT0000014,CMP2026053CSI,CUST00256,2026-05-06 16:52:11,sent,push
EVT0000015,CMP2026053CSI,CUST00177,2026-05-04 12:32:19,sent,email
EVT0000016,CMP2026053CSI,CUST00410,2026-05-11 12:59:39,sent,push
EVT0000017,CMP2026053CSI,CUST00410,2026-05-12 12:49:25,clicked,push
EVT0000018,CMP2026053CSI,CUST00475,2026-05-03 10:20:33,sent,email
EVT0000019,CMP2026053CSI,CUST00041,2026-05-12 12:14:59,sent,email
EVT0000020,CMP2026053CSI,CUST00041,2026-05-14 14:09:19,opened,email
EVT0000021,CMP2026053CSI,CUST00373,2026-05-12 13:28:19,sent,email
EVT0000022,CMP2026053CSI,CUST00175,2026-05-01 14:03:26,sent,email
EVT0000023,CMP2026053CSI,CUST00175,2026-05-04 21:17:01,clicked,whatsapp
EVT0000024,CMP2026053CSI,CUST00396,2026-05-04 11:42:45,sent,email
EVT0000025,CMP2026053CSI,CUST00396,2026-05-06 09:20:27,opened,email
EVT0000026,CMP2026053CSI,CUST00365,2026-05-09 11:51:13,sent,whatsapp
EVT0000027,CMP2026053CSI,CUST00365,2026-05-11 10:04:15,opened,push
EVT0000028,CMP2026053CSI,CUST00383,2026-05-08 15:02:49,sent,whatsapp
EVT0000029,CMP2026053CSI,CUST00383,2026-05-11 12:17:38,opened,whatsapp
EVT0000030,CMP2026053CSI,CUST00491,2026-05-02 08:40:21,sent,email
EVT0000031,CMP2026053CSI,CUST00236,2026-05-05 09:30:08,sent,whatsapp
EVT0000032,CMP2026053CSI,CUST00236,2026-05-08 22:09:55,opened,push
EVT0000033,CMP2026053CSI,CUST00252,2026-05-10 11:35:05,sent,email
EVT0000034,CMP2026053CSI,CUST00252,2026-05-12 17:33:52,opened,email
EVT0000035,CMP2026053CSI,CUST00250,2026-05-03 09:55:50,sent,whatsapp
EVT0000036,CMP2026053CSI,CUST00128,2026-05-06 15:47:56,sent,push
EVT0000037,CMP2026053CSI,CUST00128,2026-05-09 12:29:23,opened,email
EVT0000038,CMP2026053CSI,CUST00128,2026-05-11 13:16:38,clicked,whatsapp
EVT0000039,CMP2026053CSI,CUST00085,2026-05-01 10:07:41,sent,email
EVT0000040,CMP2026053CSI,CUST00085,2026-05-04 21:03:53,opened,whatsapp
EVT0000041,CMP2026053CSI,CUST00085,2026-05-05 14:01:36,clicked,email
EVT0000042,CMP2026053CSI,CUST00364,2026-05-01 16:55:51,sent,email
EVT0000043,CMP2026053CSI,CUST00477,2026-05-10 13:40:04,sent,whatsapp
EVT0000044,CMP2026053CSI,CUST00477,2026-05-10 17:49:07,opened,whatsapp
EVT0000045,CMP2026053CSI,CUST00477,2026-05-14 22:54:05,clicked,whatsapp
EVT0000046,CMP2026053CSI,CUST00399,2026-05-08 11:48:04,sent,whatsapp
EVT0000047,CMP2026053CSI,CUST00399,2026-05-10 16:28:56,opened,whatsapp
EVT0000048,CMP2026053CSI,CUST00399,2026-05-10 10:11:41,clicked,whatsapp
EVT0000049,CMP2026053CSI,CUST00432,2026-05-06 15:33:49,sent,whatsapp
EVT0000050,CMP2026053CSI,CUST00342,2026-05-01 14:36:18,sent,push
EVT0000051,CMP2026053CSI,CUST00270,2026-05-01 11:20:27,sent,push
EVT0000052,CMP2026053CSI,CUST00270,2026-05-02 18:43:49,opened,email
EVT0000053,CMP2026053CSI,CUST00476,2026-05-11 11:49:52,sent,whatsapp
EVT0000054,CMP2026053CSI,CUST00002,2026-05-12 10:12:49,sent,push
EVT0000055,CMP2026053CSI,CUST00002,2026-05-13 10:01:34,opened,whatsapp
EVT0000056,CMP2026053CSI,CUST00017,2026-05-01 10:34:22,sent,push
EVT0000057,CMP2026053CSI,CUST00017,2026-05-03 12:42:13,opened,push
EVT0000058,CMP2026053CSI,CUST00108,2026-05-07 12:14:59,sent,push
EVT0000059,CMP2026053CSI,CUST00108,2026-05-10 10:53:24,clicked,push
EVT0000060,CMP2026053CSI,CUST00289,2026-05-08 11:24:03,sent,email
EVT0000061,CMP2026053CSI,CUST00289,2026-05-09 12:49:24,opened,whatsapp
EVT0000062,CMP2026053CSI,CUST00090,2026-05-02 10:32:58,sent,whatsapp
EVT0000063,CMP2026053CSI,CUST00090,2026-05-03 10:31:47,clicked,whatsapp
EVT0000064,CMP2026053CSI,CUST00282,2026-05-06 13:26:12,sent,push
EVT0000065,CMP2026053CSI,CUST00370,2026-05-06 15:16:32,sent,push
EVT0000066,CMP2026053CSI,CUST00370,2026-05-09 21:26:25,clicked,push
EVT0000067,CMP2026053CSI,CUST00276,2026-05-06 13:19:53,sent,push
EVT0000068,CMP2026053CSI,CUST00276,2026-05-08 12:44:05,opened,whatsapp
EVT0000069,CMP2026053CSI,CUST00091,2026-05-07 15:01:17,sent,whatsapp
EVT0000070,CMP2026053CSI,CUST00089,2026-05-03 11:11:36,sent,push
EVT0000071,CMP2026053CSI,CUST00089,2026-05-04 11:44:30,opened,push
EVT0000072,CMP2026053CSI,CUST00089,2026-05-04 22:47:42,clicked,email
EVT0000073,CMP2026053CSI,CUST00247,2026-05-06 14:52:10,sent,email
EVT0000074,CMP2026053CSI,CUST00247,2026-05-07 20:51:51,opened,whatsapp
EVT0000075,CMP2026053CSI,CUST00247,2026-05-06 21:10:01,clicked,email
EVT0000076,CMP2026053CSI,CUST00012,2026-05-04 12:25:40,sent,email
EVT0000077,CMP2026053CSI,CUST00011,2026-05-06 08:50:01,sent,email
EVT0000078,CMP2026053CSI,CUST00011,2026-05-09 09:47:55,opened,push
EVT0000079,CMP2026053CSI,CUST00051,2026-05-01 16:24:48,sent,whatsapp
EVT0000080,CMP2026053CSI,CUST00051,2026-05-01 09:22:57,clicked,push
EVT0000081,CMP2026053CSI,CUST00185,2026-05-02 14:04:07,sent,email
EVT0000082,CMP2026053CSI,CUST00185,2026-05-05 22:57:34,opened,email
EVT0000083,CMP2026053CSI,CUST00185,2026-05-06 21:40:00,clicked,email
EVT0000084,CMP2026053CSI,CUST00372,2026-05-08 15:57:57,sent,email
EVT0000085,CMP2026053CSI,CUST00372,2026-05-10 18:42:45,opened,push
EVT0000086,CMP2026053CSI,CUST00223,2026-05-12 11:08:14,sent,whatsapp
EVT0000087,CMP2026053CSI,CUST00223,2026-05-13 12:42:05,opened,whatsapp
EVT0000088,CMP2026053CSI,CUST00223,2026-05-15 13:56:39,clicked,push
EVT0000089,CMP2026053CSI,CUST00099,2026-05-04 11:16:11,sent,whatsapp
EVT0000090,CMP2026053CSI,CUST00337,2026-05-08 16:33:36,sent,email
EVT0000091,CMP2026053CSI,CUST00337,2026-05-11 14:42:09,clicked,whatsapp
EVT0000092,CMP2026053CSI,CUST00067,2026-05-12 08:47:57,sent,email
EVT0000093,CMP2026053CSI,CUST00165,2026-05-03 08:09:40,sent,push
EVT0000094,CMP2026053CSI,CUST00165,2026-05-06 14:00:36,clicked,email
EVT0000095,CMP2026053CSI,CUST00453,2026-05-08 13:12:40,sent,whatsapp
EVT0000096,CMP2026053CSI,CUST00453,2026-05-09 16:39:16,opened,whatsapp
EVT0000097,CMP2026053CSI,CUST00202,2026-05-12 12:41:49,sent,whatsapp
EVT0000098,CMP2026053CSI,CUST00312,2026-05-03 12:21:51,sent,email
EVT0000099,CMP2026053CSI,CUST00290,2026-05-02 13:48:33,sent,email
EVT0000100,CMP2026053CSI,CUST00290,2026-05-04 15:41:01,opened,whatsapp
EVT0000101,CMP2026053CSI,CUST00290,2026-05-03 16:53:07,clicked,push
EVT0000102,CMP2026053CSI,CUST00284,2026-05-09 12:08:55,sent,email
EVT0000103,CMP2026053CSI,CUST00284,2026-05-12 17:05:55,opened,whatsapp
EVT0000104,CMP2026053CSI,CUST00284,2026-05-13 12:09:53,clicked,whatsapp
EVT0000105,CMP2026053CSI,CUST00434,2026-05-04 08:12:46,sent,whatsapp
EVT0000106,CMP2026053CSI,CUST00434,2026-05-05 18:55:33,opened,whatsapp
EVT0000107,CMP2026053CSI,CUST00434,2026-05-08 14:34:14,clicked,whatsapp
EVT0000108,CMP2026053CSI,CUST00215,2026-05-09 10:23:10,sent,push
EVT0000109,CMP2026053CSI,CUST00105,2026-05-10 11:53:59,sent,whatsapp
EVT0000110,CMP2026053CSI,CUST00105,2026-05-13 22:12:17,opened,push
EVT0000111,CMP2026053CSI,CUST00016,2026-05-07 12:24:57,sent,whatsapp
EVT0000112,CMP2026053CSI,CUST00469,2026-05-08 13:08:46,sent,email
EVT0000113,CMP2026053CSI,CUST00469,2026-05-10 20:35:42,opened,email
EVT0000114,CMP2026053CSI,CUST00469,2026-05-13 18:38:04,clicked,push
EVT0000115,CMP2026053CSI,CUST00353,2026-05-07 10:09:30,sent,push
EVT0000116,CMP2026053CSI,CUST00466,2026-05-04 14:50:10,sent,whatsapp
EVT0000117,CMP2026053CSI,CUST00466,2026-05-05 12:53:22,opened,push
EVT0000118,CMP2026053CSI,CUST00466,2026-05-06 11:57:25,clicked,push
EVT0000119,CMP2026053CSI,CUST00371,2026-05-12 10:13:28,sent,push
EVT0000120,CMP2026053CSI,CUST00080,2026-05-01 09:33:19,sent,whatsapp
EVT0000121,CMP2026053CSI,CUST00080,2026-05-04 12:42:28,opened,email
EVT0000122,CMP2026053CSI,CUST00138,2026-05-09 15:09:04,sent,whatsapp
EVT0000123,CMP2026053CSI,CUST00138,2026-05-11 09:24:53,opened,email
EVT0000124,CMP2026053CSI,CUST00138,2026-05-12 15:37:10,clicked,whatsapp
EVT0000125,CMP2026053CSI,CUST00206,2026-05-12 15:48:18,sent,push
EVT0000126,CMP2026053CSI,CUST00206,2026-05-17 18:38:55,clicked,email
EVT0000127,CMP2026053CSI,CUST00037,2026-05-04 15:53:44,sent,email
EVT0000128,CMP2026053CSI,CUST00037,2026-05-04 22:49:17,opened,whatsapp
EVT0000129,CMP2026053CSI,CUST00262,2026-05-05 16:21:26,sent,whatsapp
EVT0000130,CMP2026053CSI,CUST00216,2026-05-02 08:06:45,sent,email
EVT0000131,CMP2026053CSI,CUST00216,2026-05-05 12:37:27,opened,whatsapp
EVT0000132,CMP2026053CSI,CUST00031,2026-05-12 15:35:38,sent,whatsapp
EVT0000133,CMP2026053CSI,CUST00031,2026-05-15 09:38:06,opened,whatsapp
EVT0000134,CMP2026053CSI,CUST00218,2026-05-11 09:36:06,sent,push
EVT0000135,CMP2026053CSI,CUST00218,2026-05-15 19:45:57,clicked,whatsapp
EVT0000136,CMP2026053CSI,CUST00010,2026-05-07 14:45:47,sent,push
EVT0000137,CMP2026053CSI,CUST00010,2026-05-10 22:29:36,opened,whatsapp
EVT0000138,CMP2026053CSI,CUST00010,2026-05-10 22:51:40,clicked,whatsapp
EVT0000139,CMP2026053CSI,CUST00266,2026-05-07 08:13:36,sent,push
EVT0000140,CMP2026053CSI,CUST00266,2026-05-09 10:18:58,opened,email
EVT0000141,CMP2026053CSI,CUST00209,2026-05-12 15:54:57,sent,email
EVT0000142,CMP2026053CSI,CUST00209,2026-05-14 14:15:17,opened,email
EVT0000143,CMP2026053CSI,CUST00166,2026-05-06 15:44:40,sent,email
EVT0000144,CMP2026053CSI,CUST00166,2026-05-10 21:55:35,clicked,whatsapp
EVT0000145,CMP2026053CSI,CUST00027,2026-05-06 14:48:22,sent,push
EVT0000146,CMP2026053CSI,CUST00429,2026-05-06 13:39:34,sent,whatsapp
EVT0000147,CMP2026053CSI,CUST00440,2026-05-06 12:06:58,sent,whatsapp
EVT0000148,CMP2026053CSI,CUST00440,2026-05-09 14:39:31,opened,whatsapp
EVT0000149,CMP2026053CSI,CUST00440,2026-05-09 12:16:54,clicked,whatsapp
EVT0000150,CMP2026053CSI,CUST00404,2026-05-08 13:21:51,sent,email
EVT0000151,CMP2026053CSI,CUST00146,2026-05-03 13:01:07,sent,push
EVT0000152,CMP2026053CSI,CUST00107,2026-05-12 16:18:48,sent,whatsapp
EVT0000153,CMP2026053CSI,CUST00237,2026-05-12 09:12:05,sent,push
EVT0000154,CMP2026053CSI,CUST00178,2026-05-11 14:54:16,sent,push
EVT0000155,CMP2026053CSI,CUST00283,2026-05-07 10:58:24,sent,push
EVT0000156,CMP2026053CSI,CUST00448,2026-05-05 09:20:14,sent,email
EVT0000157,CMP2026053CSI,CUST00448,2026-05-06 19:17:01,clicked,email
EVT0000158,CMP2026053CSI,CUST00170,2026-05-04 11:15:56,sent,push
EVT0000159,CMP2026053CSI,CUST00170,2026-05-05 11:00:18,opened,push
EVT0000160,CMP2026053CSI,CUST00363,2026-05-10 15:53:28,sent,email
EVT0000161,CMP2026053CSI,CUST00018,2026-05-04 14:11:54,sent,whatsapp
EVT0000162,CMP2026053CSI,CUST00390,2026-05-07 12:45:50,sent,email
EVT0000163,CMP2026053CSI,CUST00487,2026-05-06 13:57:59,sent,push
EVT0000164,CMP2026053CSI,CUST00487,2026-05-08 10:44:08,opened,email
EVT0000165,CMP2026053CSI,CUST00150,2026-05-12 11:50:34,sent,whatsapp
EVT0000166,CMP2026053CSI,CUST00150,2026-05-15 17:20:06,opened,whatsapp
EVT0000167,CMP2026053CSI,CUST00150,2026-05-14 20:44:41,clicked,whatsapp
EVT0000168,CMP2026053CSI,CUST00405,2026-05-04 15:17:36,sent,push
EVT0000169,CMP2026053CSI,CUST00405,2026-05-07 16:37:27,opened,push
EVT0000170,CMP2026053CSI,CUST00494,2026-05-03 08:35:28,sent,whatsapp
EVT0000171,CMP2026053CSI,CUST00201,2026-05-08 10:04:43,sent,email
EVT0000172,CMP2026053CSI,CUST00201,2026-05-10 18:16:57,opened,whatsapp
EVT0000173,CMP2026053CSI,CUST00201,2026-05-12 16:27:45,clicked,push
EVT0000174,CMP2026053CSI,CUST00232,2026-05-07 11:42:28,sent,email
EVT0000175,CMP2026053CSI,CUST00332,2026-05-06 11:36:51,sent,whatsapp
EVT0000176,CMP2026053CSI,CUST00332,2026-05-10 19:37:20,clicked,push
EVT0000177,CMP2026053CSI,CUST00143,2026-05-10 08:45:48,sent,email
EVT0000178,CMP2026053CSI,CUST00319,2026-05-02 09:33:26,sent,whatsapp
EVT0000179,CMP2026053CSI,CUST00319,2026-05-03 12:38:49,opened,push
EVT0000180,CMP2026053CSI,CUST00225,2026-05-01 15:46:07,sent,email
EVT0000181,CMP2026053CSI,CUST00225,2026-05-04 18:44:43,opened,email
EVT0000182,CMP2026053CSI,CUST00419,2026-05-07 15:08:54,sent,email
EVT0000183,CMP2026053CSI,CUST00419,2026-05-09 14:11:45,opened,email
EVT0000184,CMP2026053CSI,CUST00212,2026-05-08 09:11:16,sent,email
EVT0000185,CMP2026053CSI,CUST00212,2026-05-10 19:40:05,opened,email
EVT0000186,CMP2026053CSI,CUST00238,2026-05-02 16:16:01,sent,whatsapp
EVT0000187,CMP2026053CSI,CUST00238,2026-05-02 19:23:06,opened,push
EVT0000188,CMP2026053CSI,CUST00238,2026-05-06 09:00:20,clicked,email
EVT0000189,CMP2026053CSI,CUST00032,2026-05-05 08:51:57,sent,whatsapp
EVT0000190,CMP2026053CSI,CUST00057,2026-05-03 11:40:39,sent,email
EVT0000191,CMP2026053CSI,CUST00057,2026-05-04 14:06:55,opened,whatsapp
EVT0000192,CMP2026053CSI,CUST00483,2026-05-10 13:36:11,sent,email
EVT0000193,CMP2026053CSI,CUST00471,2026-05-03 16:09:52,sent,email
EVT0000194,CMP2026053CSI,CUST00471,2026-05-03 17:56:50,opened,push
EVT0000195,CMP2026053CSI,CUST00430,2026-05-05 12:06:22,sent,whatsapp
EVT0000196,CMP2026053CSI,CUST00430,2026-05-06 10:31:12,opened,whatsapp
EVT0000197,CMP2026053CSI,CUST00430,2026-05-09 14:29:59,clicked,whatsapp
EVT0000198,CMP2026053CSI,CUST00357,2026-05-09 14:50:28,sent,push
EVT0000199,CMP2026053CSI,CUST00357,2026-05-10 14:09:15,clicked,email
EVT0000200,CMP2026053CSI,CUST00176,2026-05-04 14:02:22,sent,push
EVT0000201,CMP2026053CSI,CUST00369,2026-05-11 09:54:33,sent,push
EVT0000202,CMP2026053CSI,CUST00479,2026-05-09 16:33:25,sent,whatsapp
EVT0000203,CMP2026053CSI,CUST00092,2026-05-03 15:48:12,sent,email
EVT0000204,CMP2026053CSI,CUST00193,2026-05-07 14:05:31,sent,push
EVT0000205,CMP2026053CSI,CUST00193,2026-05-09 17:30:39,opened,email
EVT0000206,CMP2026053CSI,CUST00044,2026-05-05 08:33:53,sent,push
EVT0000207,CMP2026053CSI,CUST00044,2026-05-05 13:57:37,opened,whatsapp
EVT0000208,CMP2026053CSI,CUST00294,2026-05-09 10:41:20,sent,whatsapp
EVT0000209,CMP2026053CSI,CUST00294,2026-05-09 09:19:24,opened,push
EVT0000210,CMP2026053CSI,CUST00328,2026-05-09 08:52:52,sent,whatsapp
EVT0000211,CMP2026053CSI,CUST00078,2026-05-09 10:32:23,sent,whatsapp
EVT0000212,CMP2026053CSI,CUST00194,2026-05-02 15:11:57,sent,push
EVT0000213,CMP2026053CSI,CUST00194,2026-05-03 16:13:36,clicked,whatsapp
EVT0000214,CMP2026053CSI,CUST00093,2026-05-10 08:02:59,sent,email
EVT0000215,CMP2026053CSI,CUST00093,2026-05-10 13:00:57,opened,push
EVT0000216,CMP2026053CSI,CUST00026,2026-05-06 10:24:52,sent,push
EVT0000217,CMP2026053CSI,CUST00026,2026-05-09 09:09:09,opened,whatsapp
EVT0000218,CMP2026053CSI,CUST00026,2026-05-11 13:56:59,clicked,email
EVT0000219,CMP2026053CSI,CUST00167,2026-05-11 12:13:56,sent,whatsapp
EVT0000220,CMP2026053CSI,CUST00361,2026-05-12 08:26:52,sent,email
EVT0000221,CMP2026053CSI,CUST00361,2026-05-13 22:49:31,opened,email
EVT0000222,CMP2026053CSI,CUST00217,2026-05-11 14:02:44,sent,email
EVT0000223,CMP2026053CSI,CUST00217,2026-05-12 10:40:07,opened,push
EVT0000224,CMP2026053CSI,CUST00217,2026-05-14 10:11:34,clicked,email
EVT0000225,CMP2026053CSI,CUST00316,2026-05-03 12:43:45,sent,whatsapp
EVT0000226,CMP2026053CSI,CUST00316,2026-05-05 13:54:36,opened,email
EVT0000227,CMP2026053CSI,CUST00316,2026-05-03 15:52:56,clicked,push
EVT0000228,CMP2026053CSI,CUST00391,2026-05-02 16:54:31,sent,push
EVT0000229,CMP2026053CSI,CUST00391,2026-05-02 16:30:06,opened,push
EVT0000230,CMP2026053CSI,CUST00391,2026-05-05 11:05:48,clicked,whatsapp
EVT0000231,CMP2026053CSI,CUST00335,2026-05-02 11:27:39,sent,email
EVT0000232,CMP2026053CSI,CUST00335,2026-05-03 16:38:49,opened,push
EVT0000233,CMP2026053CSI,CUST00417,2026-05-09 11:49:13,sent,whatsapp
EVT0000234,CMP2026053CSI,CUST00417,2026-05-09 11:21:55,opened,email
EVT0000235,CMP2026053CSI,CUST00169,2026-05-06 15:12:57,sent,whatsapp
EVT0000236,CMP2026053CSI,CUST00169,2026-05-09 11:18:32,opened,push
EVT0000237,CMP2026053CSI,CUST00169,2026-05-11 12:21:42,clicked,whatsapp
EVT0000238,CMP2026053CSI,CUST00116,2026-05-08 08:55:28,sent,push
EVT0000239,CMP2026053CSI,CUST00025,2026-05-05 16:10:09,sent,whatsapp
EVT0000240,CMP2026053CSI,CUST00025,2026-05-10 10:26:33,clicked,whatsapp
EVT0000241,CMP2026053CSI,CUST00009,2026-05-01 10:46:59,sent,email
EVT0000242,CMP2026053CSI,CUST00009,2026-05-02 10:43:14,opened,push
EVT0000243,CMP2026053CSI,CUST00242,2026-05-10 08:52:24,sent,whatsapp
EVT0000244,CMP2026053CSI,CUST00242,2026-05-11 21:40:02,opened,whatsapp
EVT0000245,CMP2026053CSI,CUST00131,2026-05-01 15:59:36,sent,whatsapp
EVT0000246,CMP2026053CSI,CUST00131,2026-05-04 16:58:47,opened,push
EVT0000247,CMP2026053CSI,CUST00189,2026-05-10 12:22:40,sent,email
EVT0000248,CMP2026053CSI,CUST00189,2026-05-11 16:34:56,opened,email
EVT0000249,CMP2026053CSI,CUST00189,2026-05-12 19:46:11,clicked,email
EVT0000250,CMP2026053CSI,CUST00174,2026-05-05 10:23:47,sent,push
EVT0000251,CMP2026053CSI,CUST00174,2026-05-07 11:02:29,opened,email
EVT0000252,CMP2026053CSI,CUST00149,2026-05-09 11:25:08,sent,whatsapp
EVT0000253,CMP2026053CSI,CUST00149,2026-05-12 15:56:26,opened,email
EVT0000254,CMP2026053CSI,CUST00485,2026-05-08 14:29:23,sent,email
EVT0000255,CMP2026053CSI,CUST00485,2026-05-11 11:46:33,opened,push
EVT0000256,CMP2026053CSI,CUST00485,2026-05-13 12:36:12,clicked,whatsapp
EVT0000257,CMP2026053CSI,CUST00003,2026-05-11 13:57:29,sent,whatsapp
EVT0000258,CMP2026053CSI,CUST00402,2026-05-06 12:13:25,sent,push
EVT0000259,CMP2026053CSI,CUST00402,2026-05-09 13:57:53,opened,whatsapp
EVT0000260,CMP2026053CSI,CUST00400,2026-05-04 11:21:35,sent,push
EVT0000261,CMP2026053CSI,CUST00401,2026-05-07 10:28:01,sent,whatsapp
EVT0000262,CMP2026053CSI,CUST00401,2026-05-08 13:47:43,opened,whatsapp
EVT0000263,CMP2026053CSI,CUST00346,2026-05-11 14:36:50,sent,push
EVT0000264,CMP2026053CSI,CUST00346,2026-05-13 16:15:55,opened,whatsapp
EVT0000265,CMP2026053CSI,CUST00346,2026-05-14 14:39:59,clicked,whatsapp
EVT0000266,CMP2026053CSI,CUST00137,2026-05-09 08:43:06,sent,push
EVT0000267,CMP2026053CSI,CUST00137,2026-05-09 22:55:03,opened,email
EVT0000268,CMP2026053CSI,CUST00378,2026-05-06 13:12:47,sent,push
EVT0000269,CMP2026053CSI,CUST00436,2026-05-02 13:39:58,sent,email
EVT0000270,CMP2026053CSI,CUST00147,2026-05-08 13:45:11,sent,email
EVT0000271,CMP2026053CSI,CUST00147,2026-05-09 11:10:26,opened,push
EVT0000272,CMP2026053CSI,CUST00200,2026-05-10 14:10:35,sent,whatsapp
EVT0000273,CMP2026053CSI,CUST00060,2026-05-05 11:07:42,sent,push
EVT0000274,CMP2026053CSI,CUST00060,2026-05-05 11:56:24,clicked,email
EVT0000275,CMP2026053CSI,CUST00132,2026-05-07 15:10:49,sent,push
EVT0000276,CMP2026053CSI,CUST00324,2026-05-06 15:37:36,sent,push
EVT0000277,CMP2026053CSI,CUST00324,2026-05-06 16:42:36,opened,email
EVT0000278,CMP2026053CSI,CUST00123,2026-05-02 13:04:11,sent,push
EVT0000279,CMP2026053CSI,CUST00110,2026-05-03 09:59:50,sent,whatsapp
EVT0000280,CMP2026053CSI,CUST00110,2026-05-05 13:45:50,opened,push
EVT0000281,CMP2026053CSI,CUST00269,2026-05-08 08:39:57,sent,whatsapp
EVT0000282,CMP2026053CSI,CUST00269,2026-05-09 14:54:16,opened,push
EVT0000283,CMP2026053CSI,CUST00081,2026-05-09 08:31:20,sent,push
EVT0000284,CMP2026053CSI,CUST00081,2026-05-10 20:19:16,opened,email
EVT0000285,CMP2026053CSI,CUST00274,2026-05-06 08:17:47,sent,whatsapp
EVT0000286,CMP2026053CSI,CUST00274,2026-05-06 14:35:02,opened,push
EVT0000287,CMP2026053CSI,CUST00320,2026-05-10 08:47:36,sent,push
EVT0000288,CMP2026053CSI,CUST00320,2026-05-11 16:24:24,opened,push
EVT0000289,CMP2026053CSI,CUST00162,2026-05-05 14:21:23,sent,whatsapp
EVT0000290,CMP2026053CSI,CUST00326,2026-05-07 13:08:22,sent,whatsapp
EVT0000291,CMP2026053CSI,CUST00326,2026-05-08 16:18:17,opened,push
EVT0000292,CMP2026053CSI,CUST00109,2026-05-11 09:51:42,sent,email
EVT0000293,CMP2026053CSI,CUST00336,2026-05-01 10:51:48,sent,push
EVT0000294,CMP2026053CSI,CUST00336,2026-05-02 14:04:09,opened,whatsapp
EVT0000295,CMP2026053CSI,CUST00272,2026-05-02 09:00:46,sent,push
EVT0000296,CMP2026053CSI,CUST00492,2026-05-10 09:09:37,sent,whatsapp
EVT0000297,CMP2026053CSI,CUST00484,2026-05-11 13:50:42,sent,push
EVT0000298,CMP2026053CSI,CUST00484,2026-05-12 12:58:47,clicked,push
EVT0000299,CMP2026053CSI,CUST00164,2026-05-03 09:45:05,sent,push
EVT0000300,CMP2026053CSI,CUST00164,2026-05-04 12:03:45,opened,push
EVT0000301,CMP2026053CSI,CUST00140,2026-05-11 16:12:30,sent,push
EVT0000302,CMP2026053CSI,CUST00292,2026-05-12 10:30:18,sent,whatsapp
EVT0000303,CMP2026053CSI,CUST00213,2026-05-01 15:11:32,sent,push
EVT0000304,CMP2026053CSI,CUST00213,2026-05-02 13:09:56,opened,whatsapp
EVT0000305,CMP2026053CSI,CUST00124,2026-05-04 09:44:48,sent,push
EVT0000306,CMP2026053CSI,CUST00124,2026-05-06 21:14:10,opened,email
EVT0000307,CMP2026053CSI,CUST00403,2026-05-10 12:38:26,sent,whatsapp
EVT0000308,CMP2026053CSI,CUST00403,2026-05-12 22:22:47,clicked,push
EVT0000309,CMP2026053CSI,CUST00295,2026-05-09 08:41:56,sent,whatsapp
EVT0000310,CMP2026053CSI,CUST00295,2026-05-10 10:03:04,opened,email
EVT0000311,CMP2026053CSI,CUST00222,2026-05-12 08:39:48,sent,email
EVT0000312,CMP2026053CSI,CUST00222,2026-05-15 09:47:43,opened,push
EVT0000313,CMP2026053CSI,CUST00097,2026-05-06 09:36:16,sent,whatsapp
EVT0000314,CMP2026053CSI,CUST00103,2026-05-12 15:23:31,sent,email
EVT0000315,CMP2026053CSI,CUST00416,2026-05-12 11:14:37,sent,push
EVT0000316,CMP2026053CSI,CUST00416,2026-05-14 15:29:56,opened,email
EVT0000317,CMP2026053CSI,CUST00183,2026-05-07 15:55:57,sent,email
EVT0000318,CMP2026053CSI,CUST00183,2026-05-08 20:48:24,opened,email
EVT0000319,CMP2026053CSI,CUST00474,2026-05-03 13:24:55,sent,whatsapp
EVT0000320,CMP2026053CSI,CUST00474,2026-05-05 09:27:50,opened,whatsapp
EVT0000321,CMP2026053CSI,CUST00125,2026-05-03 10:13:06,sent,push
EVT0000322,CMP2026053CSI,CUST00125,2026-05-04 13:21:12,opened,push
EVT0000323,CMP2026053CSI,CUST00264,2026-05-03 12:53:54,sent,whatsapp
EVT0000324,CMP2026053CSI,CUST00264,2026-05-04 16:38:46,opened,email
EVT0000325,CMP2026053CSI,CUST00047,2026-05-03 15:42:03,sent,email
EVT0000326,CMP2026053CSI,CUST00047,2026-05-05 20:30:38,clicked,email
EVT0000327,CMP2026053CSI,CUST00352,2026-05-03 11:33:31,sent,push
EVT0000328,CMP2026053CSI,CUST00352,2026-05-03 13:40:10,opened,email
EVT0000329,CMP2026053CSI,CUST00421,2026-05-11 14:39:07,sent,whatsapp
EVT0000330,CMP2026053CSI,CUST00421,2026-05-13 14:46:23,opened,whatsapp
EVT0000331,CMP2026053CSI,CUST00113,2026-05-06 15:04:01,sent,email
EVT0000332,CMP2026053CSI,CUST00113,2026-05-07 12:20:44,opened,push
EVT0000333,CMP2026053CSI,CUST00311,2026-05-06 15:50:17,sent,whatsapp
EVT0000334,CMP2026053CSI,CUST00311,2026-05-08 20:12:57,opened,push
EVT0000335,CMP2026053CSI,CUST00327,2026-05-11 11:45:37,sent,whatsapp
EVT0000336,CMP2026053CSI,CUST00327,2026-05-12 16:36:30,opened,push
EVT0000337,CMP2026053CSI,CUST00033,2026-05-02 14:48:09,sent,whatsapp
EVT0000338,CMP2026053CSI,CUST00033,2026-05-05 16:38:57,opened,whatsapp
EVT0000339,CMP2026053CSI,CUST00096,2026-05-08 14:49:12,sent,email
EVT0000340,CMP2026053CSI,CUST00478,2026-05-01 15:15:14,sent,whatsapp
EVT0000341,CMP2026053CSI,CUST00478,2026-05-03 22:39:30,opened,whatsapp
EVT0000342,CMP2026053CSI,CUST00478,2026-05-03 14:31:20,clicked,whatsapp
EVT0000343,CMP2026053CSI,CUST00435,2026-05-09 11:52:51,sent,whatsapp
EVT0000344,CMP2026053CSI,CUST00435,2026-05-09 13:46:03,opened,whatsapp
EVT0000345,CMP2026053CSI,CUST00240,2026-05-09 16:18:15,sent,email
EVT0000346,CMP2026053CSI,CUST00240,2026-05-09 13:16:13,opened,push
EVT0000347,CMP2026053CSI,CUST00323,2026-05-01 14:05:23,sent,email
EVT0000348,CMP2026053CSI,CUST00305,2026-05-08 14:35:10,sent,whatsapp
EVT0000349,CMP2026053CSI,CUST00305,2026-05-10 10:59:17,opened,email
EVT0000350,CMP2026053CSI,CUST00155,2026-05-12 15:18:10,sent,whatsapp
EVT0000351,CMP2026053CSI,CUST00155,2026-05-12 10:03:55,opened,email
EVT0000352,CMP2026053CSI,CUST00293,2026-05-06 10:20:53,sent,whatsapp
EVT0000353,CMP2026053CSI,CUST00293,2026-05-06 19:27:41,opened,email
EVT0000354,CMP2026053CSI,CUST00325,2026-05-06 08:41:18,sent,email
EVT0000355,CMP2026053CSI,CUST00286,2026-05-09 08:46:45,sent,whatsapp
EVT0000356,CMP2026053CSI,CUST00286,2026-05-09 10:08:09,opened,push
EVT0000357,CMP2026053CSI,CUST00367,2026-05-12 11:05:48,sent,email
EVT0000358,CMP2026053CSI,CUST00288,2026-05-07 13:48:04,sent,email
EVT0000359,CMP2026053CSI,CUST00288,2026-05-07 17:26:41,opened,email
EVT0000360,CMP2026053CSI,CUST00095,2026-05-09 09:52:13,sent,email
EVT0000361,CMP2026053CSI,CUST00095,2026-05-11 12:15:03,opened,whatsapp
EVT0000362,CMP2026053CSI,CUST00195,2026-05-01 08:41:53,sent,whatsapp
EVT0000363,CMP2026053CSI,CUST00195,2026-05-01 09:14:48,opened,push
EVT0000364,CMP2026053CSI,CUST00233,2026-05-03 16:20:20,sent,email
EVT0000365,CMP2026053CSI,CUST00412,2026-05-01 16:48:18,sent,email
EVT0000366,CMP2026053CSI,CUST00412,2026-05-04 17:04:02,opened,push
EVT0000367,CMP2026053CSI,CUST00186,2026-05-04 11:37:31,sent,push
EVT0000368,CMP2026053CSI,CUST00186,2026-05-04 18:56:23,opened,whatsapp
EVT0000369,CMP2026053CSI,CUST00054,2026-05-03 14:13:09,sent,whatsapp
EVT0000370,CMP2026053CSI,CUST00054,2026-05-05 13:35:23,opened,whatsapp
EVT0000371,CMP2026053CSI,CUST00088,2026-05-04 12:21:12,sent,email
EVT0000372,CMP2026053CSI,CUST00210,2026-05-11 12:28:01,sent,email
EVT0000373,CMP2026053CSI,CUST00086,2026-05-09 14:13:11,sent,push
EVT0000374,CMP2026053CSI,CUST00086,2026-05-09 20:59:55,opened,push
EVT0000375,CMP2026053CSI,CUST00086,2026-05-13 20:47:19,clicked,whatsapp
EVT0000376,CMP2026053CSI,CUST00207,2026-05-11 11:56:37,sent,email
EVT0000377,CMP2026053CSI,CUST00207,2026-05-11 19:40:14,opened,whatsapp
EVT0000378,CMP2026053CSI,CUST00042,2026-05-05 11:32:01,sent,email
EVT0000379,CMP2026053CSI,CUST00042,2026-05-06 22:21:13,opened,email
EVT0000380,CMP2026053CSI,CUST00126,2026-05-07 13:29:25,sent,whatsapp
EVT0000381,CMP2026053CSI,CUST00224,2026-05-08 16:38:18,sent,whatsapp
EVT0000382,CMP2026053CSI,CUST00224,2026-05-12 10:56:00,clicked,push
EVT0000383,CMP2026053CSI,CUST00304,2026-05-10 08:54:00,sent,email
EVT0000384,CMP2026053CSI,CUST00314,2026-05-07 10:06:03,sent,email
EVT0000385,CMP2026053CSI,CUST00314,2026-05-08 15:47:56,opened,email
EVT0000386,CMP2026053CSI,CUST00314,2026-05-10 19:01:19,clicked,push
EVT0000387,CMP2026053CSI,CUST00241,2026-05-02 12:09:16,sent,email
EVT0000388,CMP2026053CSI,CUST00184,2026-05-04 09:58:40,sent,whatsapp
EVT0000389,CMP2026053CSI,CUST00043,2026-05-08 10:00:07,sent,push
EVT0000390,CMP2026053CSI,CUST00034,2026-05-10 16:17:17,sent,push
EVT0000391,CMP2026053CSI,CUST00111,2026-05-12 10:13:04,sent,email
EVT0000392,CMP2026053CSI,CUST00111,2026-05-15 15:53:29,clicked,email
EVT0000393,CMP2026053CSI,CUST00298,2026-05-03 08:36:57,sent,push
EVT0000394,CMP2026053CSI,CUST00029,2026-05-05 12:46:30,sent,push
EVT0000395,CMP2026053CSI,CUST00029,2026-05-07 22:12:15,clicked,whatsapp
EVT0000396,CMP2026053CSI,CUST00442,2026-05-08 08:41:02,sent,whatsapp
EVT0000397,CMP2026053CSI,CUST00393,2026-05-12 15:50:14,sent,whatsapp
EVT0000398,CMP2026053CSI,CUST00393,2026-05-14 10:38:23,clicked,email
EVT0000399,CMP2026053CSI,CUST00285,2026-05-08 16:10:23,sent,whatsapp
EVT0000400,CMP2026053CSI,CUST00340,2026-05-09 10:20:47,sent,whatsapp
EVT0000401,CMP2026053CSI,CUST00340,2026-05-10 18:25:23,opened,email
EVT0000402,CMP2026053CSI,CUST00454,2026-05-05 10:52:43,sent,email
EVT0000403,CMP2026053CSI,CUST00460,2026-05-07 09:38:16,sent,push
EVT0000404,CMP2026053CSI,CUST00460,2026-05-09 19:29:28,opened,whatsapp
EVT0000405,CMP2026053CSI,CUST00038,2026-05-03 08:21:32,sent,whatsapp
EVT0000406,CMP2026053CSI,CUST00038,2026-05-05 17:40:53,opened,whatsapp
EVT0000407,CMP2026053CSI,CUST00038,2026-05-07 11:52:50,clicked,push
EVT0000408,CMP2026053CSI,CUST00024,2026-05-12 14:05:52,sent,email
EVT0000409,CMP2026053CSI,CUST00192,2026-05-09 08:33:06,sent,whatsapp
EVT0000410,CMP2026053CSI,CUST00192,2026-05-10 20:14:43,opened,whatsapp
EVT0000411,CMP2026053CSI,CUST00302,2026-05-08 09:20:46,sent,email
EVT0000412,CMP2026053CSI,CUST00087,2026-05-11 14:14:36,sent,email
EVT0000413,CMP2026053CSI,CUST00433,2026-05-02 11:40:41,sent,email
EVT0000414,CMP2026053CSI,CUST00433,2026-05-03 20:00:57,opened,whatsapp
EVT0000415,CMP2026053CSI,CUST00310,2026-05-08 10:58:04,sent,whatsapp
EVT0000416,CMP2026053CSI,CUST00310,2026-05-11 13:52:13,clicked,whatsapp
EVT0000417,CMP2026053CSI,CUST00381,2026-05-11 09:52:12,sent,push
EVT0000418,CMP2026053CSI,CUST00381,2026-05-13 10:13:11,opened,whatsapp
EVT0000419,CMP2026053CSI,CUST00381,2026-05-13 16:07:27,clicked,email
EVT0000420,CMP2026053CSI,CUST00356,2026-05-11 14:00:44,sent,whatsapp
EVT0000421,CMP2026053CSI,CUST00356,2026-05-14 14:13:19,opened,email
EVT0000422,CMP2026053CSI,CUST00331,2026-05-08 08:43:31,sent,push
EVT0000423,CMP2026053CSI,CUST00331,2026-05-10 09:16:44,opened,email
EVT0000424,CMP2026053CSI,CUST00181,2026-05-07 16:49:06,sent,email
EVT0000425,CMP2026053CSI,CUST00447,2026-05-06 15:01:24,sent,push
EVT0000426,CMP2026053CSI,CUST00231,2026-05-02 15:16:34,sent,push
EVT0000427,CMP2026053CSI,CUST00231,2026-05-02 16:24:47,opened,email
EVT0000428,CMP2026053CSI,CUST00231,2026-05-05 09:20:19,clicked,whatsapp
EVT0000429,CMP2026053CSI,CUST00203,2026-05-12 15:13:39,sent,email
EVT0000430,CMP2026053CSI,CUST00203,2026-05-13 18:55:43,opened,push
EVT0000431,CMP2026053CSI,CUST00315,2026-05-08 09:32:11,sent,email
EVT0000432,CMP2026053CSI,CUST00315,2026-05-11 21:59:34,opened,whatsapp
EVT0000433,CMP2026053CSI,CUST00083,2026-05-05 09:44:33,sent,email
EVT0000434,CMP2026053CSI,CUST00083,2026-05-08 13:54:10,opened,push
EVT0000435,CMP2026053CSI,CUST00431,2026-05-06 14:07:43,sent,push
EVT0000436,CMP2026053CSI,CUST00431,2026-05-09 16:15:00,clicked,email
EVT0000437,CMP2026053CSI,CUST00275,2026-05-12 10:49:24,sent,push
EVT0000438,CMP2026053CSI,CUST00275,2026-05-13 14:55:43,opened,whatsapp
EVT0000439,CMP2026053CSI,CUST00071,2026-05-04 15:51:44,sent,push
EVT0000440,CMP2026053CSI,CUST00071,2026-05-05 11:47:38,opened,whatsapp
EVT0000441,CMP2026053CSI,CUST00071,2026-05-07 14:50:44,clicked,email
EVT0000442,CMP2026053CSI,CUST00267,2026-05-01 16:57:44,sent,email
EVT0000443,CMP2026053CSI,CUST00267,2026-05-04 09:17:27,clicked,whatsapp
EVT0000444,CMP2026053CSI,CUST00019,2026-05-12 14:04:04,sent,push
EVT0000445,CMP2026053CSI,CUST00019,2026-05-14 16:25:32,opened,push
EVT0000446,CMP2026053CSI,CUST00211,2026-05-03 09:01:10,sent,push
EVT0000447,CMP2026053CSI,CUST00151,2026-05-08 16:23:35,sent,email
EVT0000448,CMP2026053CSI,CUST00151,2026-05-09 18:26:07,opened,whatsapp
EVT0000449,CMP2026053CSI,CUST00151,2026-05-09 11:19:08,clicked,whatsapp
EVT0000450,CMP2026053CSI,CUST00300,2026-05-12 14:00:23,sent,push
EVT0000451,CMP2026053CSI,CUST00300,2026-05-12 10:33:42,opened,email
EVT0000452,CMP2026053CSI,CUST00257,2026-05-01 12:56:51,sent,push
EVT0000453,CMP2026053CSI,CUST00257,2026-05-02 22:30:51,opened,push
EVT0000454,CMP2026053CSI,CUST00257,2026-05-04 16:30:13,clicked,push
EVT0000455,CMP2026053CSI,CUST00063,2026-05-03 14:35:40,sent,whatsapp
EVT0000456,CMP2026053CSI,CUST00418,2026-05-03 10:54:32,sent,push
EVT0000457,CMP2026053CSI,CUST00418,2026-05-07 10:36:10,clicked,push
EVT0000458,CMP2026053CSI,CUST00112,2026-05-11 14:53:40,sent,email
EVT0000459,CMP2026053CSI,CUST00345,2026-05-07 08:48:27,sent,push
EVT0000460,CMP2026053CSI,CUST00255,2026-05-01 11:42:46,sent,email
EVT0000461,CMP2026053CSI,CUST00255,2026-05-02 20:58:08,opened,email
EVT0000462,CMP2026053CSI,CUST00243,2026-05-09 14:41:55,sent,whatsapp
EVT0000463,CMP2026053CSI,CUST00243,2026-05-11 16:49:04,opened,email
EVT0000464,CMP2026053CSI,CUST00075,2026-05-07 09:35:05,sent,whatsapp
EVT0000465,CMP2026053CSI,CUST00075,2026-05-12 09:23:17,clicked,email
EVT0000466,CMP2026053CSI,CUST00339,2026-05-05 15:41:51,sent,email
EVT0000467,CMP2026053CSI,CUST00339,2026-05-07 13:54:30,opened,whatsapp
EVT0000468,CMP2026053CSI,CUST00329,2026-05-12 16:59:43,sent,whatsapp
EVT0000469,CMP2026053CSI,CUST00362,2026-05-03 15:21:05,sent,whatsapp
EVT0000470,CMP2026053CSI,CUST00362,2026-05-05 17:33:39,opened,whatsapp
EVT0000471,CMP2026053CSI,CUST00362,2026-05-08 13:59:17,clicked,email
EVT0000472,CMP2026053CSI,CUST00064,2026-05-10 16:14:20,sent,email
EVT0000473,CMP2026053CSI,CUST00235,2026-05-06 12:12:52,sent,email
EVT0000474,CMP2026053CSI,CUST00235,2026-05-09 13:16:38,opened,email
EVT0000475,CMP2026053CSI,CUST00414,2026-05-04 10:51:49,sent,whatsapp
EVT0000476,CMP2026053CSI,CUST00414,2026-05-06 20:34:35,opened,email
EVT0000477,CMP2026053CSI,CUST00414,2026-05-07 18:33:11,clicked,push
EVT0000478,CMP2026053CSI,CUST00227,2026-05-12 12:40:15,sent,push
EVT0000479,CMP2026053CSI,CUST00007,2026-05-06 10:56:41,sent,email
EVT0000480,CMP2026053CSI,CUST00007,2026-05-09 16:45:17,opened,whatsapp
EVT0000481,CMP2026053CSI,CUST00221,2026-05-06 10:16:38,sent,push
EVT0000482,CMP2026053CSI,CUST00221,2026-05-09 22:35:25,opened,push
EVT0000483,CMP2026053CSI,CUST00221,2026-05-08 16:29:59,clicked,whatsapp
EVT0000484,CMP2026053CSI,CUST00258,2026-05-10 12:32:36,sent,email
EVT0000485,CMP2026053CSI,CUST00258,2026-05-10 15:40:31,opened,whatsapp
EVT0000486,CMP2026053CSI,CUST00258,2026-05-13 15:20:07,clicked,push
EVT0000487,CMP2026053CSI,CUST00106,2026-05-03 09:23:48,sent,push
EVT0000488,CMP2026053CSI,CUST00106,2026-05-03 13:06:35,opened,whatsapp
EVT0000489,CMP2026053CSI,CUST00358,2026-05-02 14:13:02,sent,whatsapp
EVT0000490,CMP2026053CSI,CUST00358,2026-05-04 18:46:17,clicked,email
EVT0000491,CMP2026053CSI,CUST00068,2026-05-07 11:14:14,sent,whatsapp
EVT0000492,CMP2026053CSI,CUST00121,2026-05-09 13:53:15,sent,push
EVT0000493,CMP2026053CSI,CUST00121,2026-05-11 21:14:10,opened,email
EVT0000494,CMP2026053CSI,CUST00121,2026-05-13 09:10:05,clicked,whatsapp
EVT0000495,CMP2026053CSI,CUST00385,2026-05-12 12:51:31,sent,push
EVT0000496,CMP2026053CSI,CUST00385,2026-05-15 12:15:29,opened,whatsapp
EVT0000497,CMP2026053CSI,CUST00385,2026-05-13 12:17:06,clicked,push
EVT0000498,CMP2026053CSI,CUST00387,2026-05-04 12:27:37,sent,whatsapp
EVT0000499,CMP2026053CSI,CUST00268,2026-05-04 09:54:05,sent,email
EVT0000500,CMP2026053CSI,CUST00156,2026-05-12 14:54:39,sent,email
EVT0000501,CMP2026053CSI,CUST00156,2026-05-14 12:56:43,opened,email
EVT0000502,CMP2026053CSI,CUST00438,2026-05-09 13:20:01,sent,email
EVT0000503,CMP2026053CSI,CUST00438,2026-05-12 22:28:38,opened,push
EVT0000504,CMP2026053CSI,CUST00407,2026-05-12 09:38:53,sent,whatsapp
EVT0000505,CMP2026053CSI,CUST00407,2026-05-15 12:13:20,clicked,email
EVT0000506,CMP2026053CSI,CUST00142,2026-05-07 12:15:45,sent,email
EVT0000507,CMP2026053CSI,CUST00228,2026-05-08 08:43:59,sent,whatsapp
EVT0000508,CMP2026053CSI,CUST00228,2026-05-08 16:45:51,opened,push
EVT0000509,CMP2026053CSI,CUST00392,2026-05-06 13:24:01,sent,email
EVT0000510,CMP2026053CSI,CUST00392,2026-05-09 15:05:27,opened,email
EVT0000511,CMP2026053CSI,CUST00094,2026-05-05 13:58:16,sent,email
EVT0000512,CMP2026053CSI,CUST00094,2026-05-06 22:37:41,opened,whatsapp
EVT0000513,CMP2026053CSI,CUST00482,2026-05-04 08:24:23,sent,push
EVT0000514,CMP2026053CSI,CUST00482,2026-05-05 10:39:44,clicked,whatsapp
EVT0000515,CMP2026053CSI,CUST00377,2026-05-01 12:05:33,sent,email
EVT0000516,CMP2026053CSI,CUST00377,2026-05-03 11:54:27,opened,email
EVT0000517,CMP2026053CSI,CUST00199,2026-05-03 11:26:19,sent,push
EVT0000518,CMP2026053CSI,CUST00199,2026-05-03 18:03:36,clicked,whatsapp
EVT0000519,CMP2026053CSI,CUST00277,2026-05-12 10:18:35,sent,email
EVT0000520,CMP2026053CSI,CUST00486,2026-05-04 08:51:12,sent,whatsapp
EVT0000521,CMP2026053CSI,CUST00486,2026-05-04 13:52:50,clicked,push
EVT0000522,CMP2026053CSI,CUST00495,2026-05-09 09:49:29,sent,whatsapp
EVT0000523,CMP2026053CSI,CUST00102,2026-05-03 16:59:11,sent,push
EVT0000524,CMP2026053CSI,CUST00425,2026-05-03 12:32:52,sent,push
EVT0000525,CMP2026053CSI,CUST00425,2026-05-03 15:08:10,opened,push
EVT0000526,CMP2026053CSI,CUST00015,2026-05-03 11:55:38,sent,email
EVT0000527,CMP2026053CSI,CUST00420,2026-05-04 15:11:45,sent,push
EVT0000528,CMP2026053CSI,CUST00420,2026-05-08 21:02:04,clicked,email
EVT0000529,CMP2026053CSI,CUST00226,2026-05-03 08:18:29,sent,whatsapp
EVT0000530,CMP2026053CSI,CUST00254,2026-05-07 16:34:46,sent,email
EVT0000531,CMP2026053CSI,CUST00163,2026-05-11 16:22:50,sent,whatsapp
EVT0000532,CMP2026053CSI,CUST00306,2026-05-07 12:33:59,sent,email
EVT0000533,CMP2026053CSI,CUST00306,2026-05-10 11:51:02,opened,push
EVT0000534,CMP2026053CSI,CUST00306,2026-05-09 22:19:07,clicked,whatsapp
EVT0000535,CMP2026053CSI,CUST00141,2026-05-07 14:24:19,sent,email
EVT0000536,CMP2026053CSI,CUST00141,2026-05-10 12:48:01,opened,push
EVT0000537,CMP2026053CSI,CUST00244,2026-05-11 10:28:55,sent,whatsapp
EVT0000538,CMP2026053CSI,CUST00348,2026-05-11 12:25:15,sent,push
EVT0000539,CMP2026053CSI,CUST00348,2026-05-12 16:16:31,opened,email
EVT0000540,CMP2026053CSI,CUST00480,2026-05-08 13:56:13,sent,email
EVT0000541,CMP2026053CSI,CUST00480,2026-05-08 12:09:57,opened,whatsapp
EVT0000542,CMP2026053CSI,CUST00462,2026-05-05 13:03:22,sent,email
EVT0000543,CMP2026053CSI,CUST00172,2026-05-07 09:38:18,sent,email
EVT0000544,CMP2026053CSI,CUST00134,2026-05-01 15:04:22,sent,email
EVT0000545,CMP2026053CSI,CUST00134,2026-05-02 09:06:09,opened,whatsapp
EVT0000546,CMP2026053CSI,CUST00380,2026-05-05 08:01:32,sent,push
EVT0000547,CMP2026053CSI,CUST00050,2026-05-08 14:21:51,sent,whatsapp
EVT0000548,CMP2026053CSI,CUST00050,2026-05-10 13:23:03,opened,whatsapp
EVT0000549,CMP2026053CSI,CUST00114,2026-05-08 15:27:48,sent,whatsapp
EVT0000550,CMP2026053CSI,CUST00114,2026-05-08 11:59:52,opened,email
EVT0000551,CMP2026053CSI,CUST00115,2026-05-12 15:46:46,sent,whatsapp
EVT0000552,CMP2026053CSI,CUST00115,2026-05-13 21:58:12,opened,push
EVT0000553,CMP2026053CSI,CUST00197,2026-05-05 14:14:02,sent,push
EVT0000554,CMP2026053CSI,CUST00197,2026-05-06 12:26:36,opened,push
EVT0000555,CMP2026053CSI,CUST00443,2026-05-03 14:35:36,sent,email
EVT0000556,CMP2026053CSI,CUST00443,2026-05-03 11:54:02,clicked,email
EVT0000557,CMP2026053CSI,CUST00148,2026-05-12 15:50:04,sent,push
EVT0000558,CMP2026053CSI,CUST00148,2026-05-13 19:31:07,opened,push
EVT0000559,CMP2026053CSI,CUST00205,2026-05-06 13:54:30,sent,email
EVT0000560,CMP2026053CSI,CUST00388,2026-05-12 13:40:42,sent,email
EVT0000561,CMP2026053CSI,CUST00428,2026-05-12 16:43:17,sent,whatsapp
EVT0000562,CMP2026053CSI,CUST00428,2026-05-12 15:30:17,clicked,email
EVT0000563,CMP2026053CSI,CUST00354,2026-05-09 12:31:46,sent,email
EVT0000564,CMP2026053CSI,CUST00354,2026-05-11 21:55:16,opened,push
EVT0000565,CMP2026053CSI,CUST00190,2026-05-09 11:54:50,sent,push
EVT0000566,CMP2026053CSI,CUST00190,2026-05-10 10:44:34,clicked,whatsapp
EVT0000567,CMP2026053CSI,CUST00208,2026-05-06 14:47:25,sent,email
EVT0000568,CMP2026053CSI,CUST00082,2026-05-04 10:39:30,sent,whatsapp
EVT0000569,CMP2026053CSI,CUST00082,2026-05-06 09:27:25,opened,email
EVT0000570,CMP2026053CSI,CUST00082,2026-05-07 09:21:23,clicked,push
EVT0000571,CMP2026053CSI,CUST00375,2026-05-05 11:31:56,sent,email
EVT0000572,CMP2026053CSI,CUST00055,2026-05-04 14:27:54,sent,push
EVT0000573,CMP2026053CSI,CUST00055,2026-05-05 14:10:38,opened,email
EVT0000574,CMP2026053CSI,CUST00472,2026-05-02 09:05:05,sent,whatsapp
EVT0000575,CMP2026053CSI,CUST00472,2026-05-05 16:57:05,opened,whatsapp
EVT0000576,CMP2026053CSI,CUST00468,2026-05-01 08:30:11,sent,push
EVT0000577,CMP2026053CSI,CUST00468,2026-05-03 19:43:58,opened,whatsapp
EVT0000578,CMP202604CASHBACK,CUST00300,2026-04-14 09:02:10,sent,email
EVT0000579,CMP202604CASHBACK,CUST00300,2026-04-14 18:05:02,opened,whatsapp
EVT0000580,CMP202604CASHBACK,CUST00300,2026-04-15 21:10:57,clicked,email
EVT0000581,CMP202604CASHBACK,CUST00390,2026-04-12 09:17:37,sent,email
EVT0000582,CMP202604CASHBACK,CUST00257,2026-04-14 12:08:04,sent,email
EVT0000583,CMP202604CASHBACK,CUST00257,2026-04-19 21:44:32,clicked,push
EVT0000584,CMP202604CASHBACK,CUST00292,2026-04-12 11:44:18,sent,push
EVT0000585,CMP202604CASHBACK,CUST00292,2026-04-14 19:10:44,opened,email
EVT0000586,CMP202604CASHBACK,CUST00301,2026-04-10 16:19:18,sent,whatsapp
EVT0000587,CMP202604CASHBACK,CUST00150,2026-04-08 12:42:20,sent,push
EVT0000588,CMP202604CASHBACK,CUST00150,2026-04-09 20:09:02,opened,push
EVT0000589,CMP202604CASHBACK,CUST00150,2026-04-08 11:06:28,clicked,push
EVT0000590,CMP202604CASHBACK,CUST00449,2026-04-07 09:18:49,sent,email
EVT0000591,CMP202604CASHBACK,CUST00418,2026-04-12 14:26:07,sent,whatsapp
EVT0000592,CMP202604CASHBACK,CUST00498,2026-04-14 12:59:45,sent,push
EVT0000593,CMP202604CASHBACK,CUST00345,2026-04-10 10:25:12,sent,email
EVT0000594,CMP202604CASHBACK,CUST00345,2026-04-10 22:54:51,opened,email
EVT0000595,CMP202604CASHBACK,CUST00374,2026-04-12 15:42:25,sent,whatsapp
EVT0000596,CMP202604CASHBACK,CUST00450,2026-04-10 14:42:20,sent,whatsapp
EVT0000597,CMP202604CASHBACK,CUST00450,2026-04-11 13:26:05,clicked,email
EVT0000598,CMP202604CASHBACK,CUST00384,2026-04-10 10:02:56,sent,push
EVT0000599,CMP202604CASHBACK,CUST00384,2026-04-13 13:58:12,opened,whatsapp
EVT0000600,CMP202604CASHBACK,CUST00384,2026-04-10 21:00:40,clicked,email
EVT0000601,CMP202604CASHBACK,CUST00382,2026-04-10 13:21:00,sent,push
EVT0000602,CMP202604CASHBACK,CUST00382,2026-04-11 12:09:21,opened,whatsapp
EVT0000603,CMP202604CASHBACK,CUST00139,2026-04-13 12:33:25,sent,whatsapp
EVT0000604,CMP202604CASHBACK,CUST00299,2026-04-14 11:27:49,sent,whatsapp
EVT0000605,CMP202604CASHBACK,CUST00332,2026-04-14 16:18:34,sent,email
EVT0000606,CMP202604CASHBACK,CUST00332,2026-04-16 09:26:37,opened,whatsapp
EVT0000607,CMP202604CASHBACK,CUST00143,2026-04-06 15:53:56,sent,email
EVT0000608,CMP202604CASHBACK,CUST00256,2026-04-14 11:59:20,sent,whatsapp
EVT0000609,CMP202604CASHBACK,CUST00256,2026-04-16 13:57:41,opened,push
EVT0000610,CMP202604CASHBACK,CUST00183,2026-04-15 12:25:16,sent,push
EVT0000611,CMP202604CASHBACK,CUST00183,2026-04-18 12:25:00,clicked,email
EVT0000612,CMP202604CASHBACK,CUST00397,2026-04-05 09:51:51,sent,email
EVT0000613,CMP202604CASHBACK,CUST00177,2026-04-11 08:32:55,sent,whatsapp
EVT0000614,CMP202604CASHBACK,CUST00076,2026-04-09 08:31:37,sent,push
EVT0000615,CMP202604CASHBACK,CUST00066,2026-04-06 11:59:24,sent,whatsapp
EVT0000616,CMP202604CASHBACK,CUST00066,2026-04-11 12:00:43,clicked,email
EVT0000617,CMP202604CASHBACK,CUST00041,2026-04-06 13:41:15,sent,email
EVT0000618,CMP202604CASHBACK,CUST00041,2026-04-07 20:46:16,opened,push
EVT0000619,CMP202604CASHBACK,CUST00047,2026-04-15 12:26:10,sent,email
EVT0000620,CMP202604CASHBACK,CUST00047,2026-04-16 14:06:48,opened,email
EVT0000621,CMP202604CASHBACK,CUST00362,2026-04-13 16:40:04,sent,push
EVT0000622,CMP202604CASHBACK,CUST00291,2026-04-05 11:04:49,sent,email
EVT0000623,CMP202604CASHBACK,CUST00291,2026-04-08 14:07:32,clicked,whatsapp
EVT0000624,CMP202604CASHBACK,CUST00229,2026-04-12 16:07:30,sent,whatsapp
EVT0000625,CMP202604CASHBACK,CUST00235,2026-04-10 09:22:11,sent,email
EVT0000626,CMP202604CASHBACK,CUST00032,2026-04-09 08:58:58,sent,whatsapp
EVT0000627,CMP202604CASHBACK,CUST00158,2026-04-06 09:10:09,sent,email
EVT0000628,CMP202604CASHBACK,CUST00158,2026-04-07 16:59:48,opened,whatsapp
EVT0000629,CMP202604CASHBACK,CUST00327,2026-04-10 14:50:48,sent,email
EVT0000630,CMP202604CASHBACK,CUST00327,2026-04-13 12:10:12,opened,whatsapp
EVT0000631,CMP202604CASHBACK,CUST00033,2026-04-14 09:47:14,sent,whatsapp
EVT0000632,CMP202604CASHBACK,CUST00435,2026-04-13 15:24:20,sent,whatsapp
EVT0000633,CMP202604CASHBACK,CUST00435,2026-04-13 09:28:12,opened,push
EVT0000634,CMP202604CASHBACK,CUST00007,2026-04-05 13:41:21,sent,email
EVT0000635,CMP202604CASHBACK,CUST00007,2026-04-07 22:29:05,clicked,push
EVT0000636,CMP202604CASHBACK,CUST00021,2026-04-06 16:35:49,sent,push
EVT0000637,CMP202604CASHBACK,CUST00383,2026-04-13 16:46:48,sent,email
EVT0000638,CMP202604CASHBACK,CUST00383,2026-04-13 21:53:40,opened,email
EVT0000639,CMP202604CASHBACK,CUST00383,2026-04-17 22:27:18,clicked,push
EVT0000640,CMP202604CASHBACK,CUST00161,2026-04-06 08:19:42,sent,push
EVT0000641,CMP202604CASHBACK,CUST00249,2026-04-07 12:21:54,sent,email
EVT0000642,CMP202604CASHBACK,CUST00343,2026-04-10 09:31:19,sent,whatsapp
EVT0000643,CMP202604CASHBACK,CUST00343,2026-04-10 09:18:20,opened,push
EVT0000644,CMP202604CASHBACK,CUST00252,2026-04-07 16:38:38,sent,push
EVT0000645,CMP202604CASHBACK,CUST00252,2026-04-07 13:49:21,opened,email
EVT0000646,CMP202604CASHBACK,CUST00236,2026-04-07 11:37:51,sent,push
EVT0000647,CMP202604CASHBACK,CUST00236,2026-04-09 13:53:48,opened,whatsapp
EVT0000648,CMP202604CASHBACK,CUST00334,2026-04-06 16:59:36,sent,whatsapp
EVT0000649,CMP202604CASHBACK,CUST00245,2026-04-15 12:06:57,sent,email
EVT0000650,CMP202604CASHBACK,CUST00245,2026-04-18 10:42:21,clicked,email
EVT0000651,CMP202604CASHBACK,CUST00467,2026-04-05 10:04:06,sent,whatsapp
EVT0000652,CMP202604CASHBACK,CUST00467,2026-04-08 09:30:51,opened,email
EVT0000653,CMP202604CASHBACK,CUST00106,2026-04-06 12:10:37,sent,whatsapp
EVT0000654,CMP202604CASHBACK,CUST00106,2026-04-08 11:11:41,clicked,whatsapp
EVT0000655,CMP202604CASHBACK,CUST00305,2026-04-06 08:30:13,sent,whatsapp
EVT0000656,CMP202604CASHBACK,CUST00305,2026-04-11 17:15:26,clicked,push
EVT0000657,CMP202604CASHBACK,CUST00483,2026-04-15 16:56:17,sent,whatsapp
EVT0000658,CMP202604CASHBACK,CUST00068,2026-04-08 15:35:15,sent,push
EVT0000659,CMP202604CASHBACK,CUST00068,2026-04-11 12:52:33,opened,email
EVT0000660,CMP202604CASHBACK,CUST00364,2026-04-11 14:58:37,sent,email
EVT0000661,CMP202604CASHBACK,CUST00364,2026-04-11 20:26:16,opened,whatsapp
EVT0000662,CMP202604CASHBACK,CUST00152,2026-04-05 09:25:37,sent,push
EVT0000663,CMP202604CASHBACK,CUST00477,2026-04-14 10:52:41,sent,whatsapp
EVT0000664,CMP202604CASHBACK,CUST00477,2026-04-15 11:45:02,opened,push
EVT0000665,CMP202604CASHBACK,CUST00451,2026-04-05 09:43:25,sent,push
EVT0000666,CMP202604CASHBACK,CUST00104,2026-04-06 08:41:13,sent,whatsapp
EVT0000667,CMP202604CASHBACK,CUST00104,2026-04-06 15:06:21,opened,push
EVT0000668,CMP202604CASHBACK,CUST00176,2026-04-07 09:55:23,sent,email
EVT0000669,CMP202604CASHBACK,CUST00333,2026-04-13 12:28:42,sent,push
EVT0000670,CMP202604CASHBACK,CUST00333,2026-04-16 14:12:55,clicked,whatsapp
EVT0000671,CMP202604CASHBACK,CUST00151,2026-04-15 11:31:31,sent,email
EVT0000672,CMP202604CASHBACK,CUST00151,2026-04-17 09:27:29,opened,push
EVT0000673,CMP202604CASHBACK,CUST00151,2026-04-15 20:29:33,clicked,email
EVT0000674,CMP202604CASHBACK,CUST00325,2026-04-08 14:07:56,sent,email
EVT0000675,CMP202604CASHBACK,CUST00325,2026-04-10 11:27:49,opened,push
EVT0000676,CMP202604CASHBACK,CUST00077,2026-04-13 09:37:29,sent,email
EVT0000677,CMP202604CASHBACK,CUST00077,2026-04-14 16:12:44,opened,email
EVT0000678,CMP202604CASHBACK,CUST00008,2026-04-11 12:10:30,sent,push
EVT0000679,CMP202604CASHBACK,CUST00008,2026-04-12 09:49:15,opened,whatsapp
EVT0000680,CMP202604CASHBACK,CUST00268,2026-04-08 16:32:41,sent,push
EVT0000681,CMP202604CASHBACK,CUST00268,2026-04-10 17:16:44,opened,push
EVT0000682,CMP202604CASHBACK,CUST00476,2026-04-15 16:51:19,sent,whatsapp
EVT0000683,CMP202604CASHBACK,CUST00476,2026-04-15 18:56:06,opened,push
EVT0000684,CMP202604CASHBACK,CUST00062,2026-04-09 11:48:42,sent,whatsapp
EVT0000685,CMP202604CASHBACK,CUST00156,2026-04-13 10:40:31,sent,whatsapp
EVT0000686,CMP202604CASHBACK,CUST00156,2026-04-13 14:49:44,opened,whatsapp
EVT0000687,CMP202604CASHBACK,CUST00438,2026-04-10 08:30:12,sent,push
EVT0000688,CMP202604CASHBACK,CUST00438,2026-04-12 20:48:27,opened,email
EVT0000689,CMP202604CASHBACK,CUST00367,2026-04-09 11:40:25,sent,whatsapp
EVT0000690,CMP202604CASHBACK,CUST00289,2026-04-14 13:06:24,sent,email
EVT0000691,CMP202604CASHBACK,CUST00017,2026-04-10 08:54:21,sent,email
EVT0000692,CMP202604CASHBACK,CUST00017,2026-04-11 17:21:31,opened,push
EVT0000693,CMP202604CASHBACK,CUST00195,2026-04-13 08:44:04,sent,push
EVT0000694,CMP202604CASHBACK,CUST00195,2026-04-16 22:02:13,clicked,email
EVT0000695,CMP202604CASHBACK,CUST00090,2026-04-11 16:47:04,sent,push
EVT0000696,CMP202604CASHBACK,CUST00321,2026-04-12 10:14:47,sent,push
EVT0000697,CMP202604CASHBACK,CUST00321,2026-04-12 09:16:00,opened,whatsapp
EVT0000698,CMP202604CASHBACK,CUST00228,2026-04-09 15:57:13,sent,push
EVT0000699,CMP202604CASHBACK,CUST00228,2026-04-10 18:07:05,opened,email
EVT0000700,CMP202604CASHBACK,CUST00260,2026-04-13 11:02:30,sent,whatsapp
EVT0000701,CMP202604CASHBACK,CUST00260,2026-04-14 19:48:44,opened,whatsapp
EVT0000702,CMP202604CASHBACK,CUST00260,2026-04-16 22:13:50,clicked,email
EVT0000703,CMP202604CASHBACK,CUST00412,2026-04-10 09:05:32,sent,whatsapp
EVT0000704,CMP202604CASHBACK,CUST00412,2026-04-12 09:27:44,opened,email
EVT0000705,CMP202604CASHBACK,CUST00186,2026-04-12 16:44:10,sent,push
EVT0000706,CMP202604CASHBACK,CUST00370,2026-04-14 08:42:17,sent,push
EVT0000707,CMP202604CASHBACK,CUST00370,2026-04-15 12:47:02,opened,whatsapp
EVT0000708,CMP202604CASHBACK,CUST00370,2026-04-15 12:08:18,clicked,email
EVT0000709,CMP202604CASHBACK,CUST00445,2026-04-05 15:14:39,sent,push
EVT0000710,CMP202604CASHBACK,CUST00445,2026-04-06 14:40:48,opened,email
EVT0000711,CMP202604CASHBACK,CUST00276,2026-04-11 10:44:04,sent,push
EVT0000712,CMP202604CASHBACK,CUST00276,2026-04-11 11:23:02,opened,whatsapp
EVT0000713,CMP202604CASHBACK,CUST00276,2026-04-14 10:05:48,clicked,push
EVT0000714,CMP202604CASHBACK,CUST00088,2026-04-08 09:09:26,sent,push
EVT0000715,CMP202604CASHBACK,CUST00088,2026-04-09 13:45:33,opened,whatsapp
EVT0000716,CMP202604CASHBACK,CUST00159,2026-04-15 16:57:59,sent,whatsapp
EVT0000717,CMP202604CASHBACK,CUST00091,2026-04-10 15:10:53,sent,whatsapp
EVT0000718,CMP202604CASHBACK,CUST00247,2026-04-12 14:11:39,sent,email
EVT0000719,CMP202604CASHBACK,CUST00247,2026-04-14 18:13:59,opened,whatsapp
EVT0000720,CMP202604CASHBACK,CUST00194,2026-04-05 11:25:18,sent,email
EVT0000721,CMP202604CASHBACK,CUST00094,2026-04-06 09:50:44,sent,push
EVT0000722,CMP202604CASHBACK,CUST00094,2026-04-11 17:54:07,clicked,whatsapp
EVT0000723,CMP202604CASHBACK,CUST00051,2026-04-12 14:58:41,sent,whatsapp
EVT0000724,CMP202604CASHBACK,CUST00117,2026-04-05 16:11:34,sent,push
EVT0000725,CMP202604CASHBACK,CUST00117,2026-04-05 17:54:38,clicked,whatsapp
EVT0000726,CMP202604CASHBACK,CUST00126,2026-04-06 11:34:35,sent,push
EVT0000727,CMP202604CASHBACK,CUST00126,2026-04-06 13:16:21,opened,whatsapp
EVT0000728,CMP202604CASHBACK,CUST00126,2026-04-07 09:27:31,clicked,push
EVT0000729,CMP202604CASHBACK,CUST00495,2026-04-07 11:44:40,sent,push
EVT0000730,CMP202604CASHBACK,CUST00495,2026-04-10 10:27:46,opened,whatsapp
EVT0000731,CMP202604CASHBACK,CUST00312,2026-04-10 15:10:43,sent,email
EVT0000732,CMP202604CASHBACK,CUST00014,2026-04-05 08:49:01,sent,whatsapp
EVT0000733,CMP202604CASHBACK,CUST00015,2026-04-05 09:20:10,sent,whatsapp
EVT0000734,CMP202604CASHBACK,CUST00169,2026-04-06 11:30:51,sent,push
EVT0000735,CMP202604CASHBACK,CUST00169,2026-04-08 09:50:40,opened,whatsapp
EVT0000736,CMP202604CASHBACK,CUST00284,2026-04-05 10:22:20,sent,email
EVT0000737,CMP202604CASHBACK,CUST00116,2026-04-13 12:48:18,sent,email
EVT0000738,CMP202604CASHBACK,CUST00116,2026-04-14 18:42:36,opened,whatsapp
EVT0000739,CMP202604CASHBACK,CUST00034,2026-04-12 16:58:49,sent,push
EVT0000740,CMP202604CASHBACK,CUST00034,2026-04-14 17:39:50,opened,push
EVT0000741,CMP202604CASHBACK,CUST00226,2026-04-12 08:32:27,sent,email
EVT0000742,CMP202604CASHBACK,CUST00226,2026-04-12 09:42:16,opened,push
EVT0000743,CMP202604CASHBACK,CUST00029,2026-04-15 13:05:23,sent,whatsapp
EVT0000744,CMP202604CASHBACK,CUST00029,2026-04-16 15:24:36,opened,push
EVT0000745,CMP202604CASHBACK,CUST00029,2026-04-16 21:17:32,clicked,push
EVT0000746,CMP202604CASHBACK,CUST00461,2026-04-10 13:42:03,sent,email
EVT0000747,CMP202604CASHBACK,CUST00461,2026-04-11 21:36:24,opened,whatsapp
EVT0000748,CMP202604CASHBACK,CUST00461,2026-04-15 09:40:30,clicked,push
EVT0000749,CMP202604CASHBACK,CUST00353,2026-04-11 11:15:26,sent,whatsapp
EVT0000750,CMP202604CASHBACK,CUST00141,2026-04-14 13:50:01,sent,whatsapp
EVT0000751,CMP202604CASHBACK,CUST00398,2026-04-13 10:08:04,sent,push
EVT0000752,CMP202604CASHBACK,CUST00398,2026-04-13 10:55:25,opened,email
EVT0000753,CMP202604CASHBACK,CUST00317,2026-04-06 16:58:33,sent,whatsapp
EVT0000754,CMP202604CASHBACK,CUST00317,2026-04-08 22:41:11,opened,whatsapp
EVT0000755,CMP202604CASHBACK,CUST00244,2026-04-12 11:33:12,sent,email
EVT0000756,CMP202604CASHBACK,CUST00244,2026-04-17 10:25:17,clicked,push
EVT0000757,CMP202604CASHBACK,CUST00265,2026-04-07 09:09:44,sent,email
EVT0000758,CMP202604CASHBACK,CUST00234,2026-04-07 16:36:41,sent,whatsapp
EVT0000759,CMP202604CASHBACK,CUST00080,2026-04-09 10:01:15,sent,email
EVT0000760,CMP202604CASHBACK,CUST00080,2026-04-14 20:54:33,clicked,email
EVT0000761,CMP202604CASHBACK,CUST00134,2026-04-08 09:19:49,sent,email
EVT0000762,CMP202604CASHBACK,CUST00134,2026-04-08 22:24:18,opened,whatsapp
EVT0000763,CMP202604CASHBACK,CUST00380,2026-04-10 13:48:18,sent,push
EVT0000764,CMP202604CASHBACK,CUST00380,2026-04-11 20:43:23,opened,email
EVT0000765,CMP202604CASHBACK,CUST00485,2026-04-07 12:12:55,sent,whatsapp
EVT0000766,CMP202604CASHBACK,CUST00485,2026-04-07 16:24:19,opened,email
EVT0000767,CMP202604CASHBACK,CUST00072,2026-04-09 16:36:52,sent,whatsapp
EVT0000768,CMP202604CASHBACK,CUST00072,2026-04-09 21:14:46,opened,push
EVT0000769,CMP202604CASHBACK,CUST00444,2026-04-13 16:33:11,sent,email
EVT0000770,CMP202604CASHBACK,CUST00444,2026-04-14 16:39:53,opened,whatsapp
EVT0000771,CMP202604CASHBACK,CUST00444,2026-04-18 14:02:18,clicked,whatsapp
EVT0000772,CMP202604CASHBACK,CUST00192,2026-04-15 08:54:18,sent,push
EVT0000773,CMP202604CASHBACK,CUST00192,2026-04-16 12:48:52,opened,email
EVT0000774,CMP202604CASHBACK,CUST00192,2026-04-19 13:37:20,clicked,whatsapp
EVT0000775,CMP202604CASHBACK,CUST00114,2026-04-06 14:46:14,sent,push
EVT0000776,CMP202604CASHBACK,CUST00114,2026-04-11 18:29:33,clicked,email
EVT0000777,CMP202604CASHBACK,CUST00127,2026-04-06 16:03:38,sent,push
EVT0000778,CMP202604CASHBACK,CUST00127,2026-04-06 19:43:12,opened,email
EVT0000779,CMP202604CASHBACK,CUST00127,2026-04-09 19:20:14,clicked,push
EVT0000780,CMP202604CASHBACK,CUST00137,2026-04-11 08:46:04,sent,push
EVT0000781,CMP202604CASHBACK,CUST00115,2026-04-13 15:48:20,sent,email
EVT0000782,CMP202604CASHBACK,CUST00115,2026-04-16 21:35:46,opened,whatsapp
EVT0000783,CMP202604CASHBACK,CUST00087,2026-04-05 10:13:52,sent,push
EVT0000784,CMP202604CASHBACK,CUST00087,2026-04-05 14:49:26,clicked,push
EVT0000785,CMP202604CASHBACK,CUST00436,2026-04-13 10:53:38,sent,whatsapp
EVT0000786,CMP202604CASHBACK,CUST00436,2026-04-16 14:30:40,clicked,whatsapp
EVT0000787,CMP202604CASHBACK,CUST00197,2026-04-12 12:46:18,sent,whatsapp
EVT0000788,CMP202604CASHBACK,CUST00197,2026-04-15 09:56:39,opened,whatsapp
EVT0000789,CMP202604CASHBACK,CUST00197,2026-04-14 18:50:22,clicked,push
EVT0000790,CMP202604CASHBACK,CUST00433,2026-04-05 09:19:38,sent,push
EVT0000791,CMP202604CASHBACK,CUST00359,2026-04-15 12:06:34,sent,email
EVT0000792,CMP202604CASHBACK,CUST00359,2026-04-18 17:30:21,opened,push
EVT0000793,CMP202604CASHBACK,CUST00366,2026-04-11 11:10:52,sent,whatsapp
EVT0000794,CMP202604CASHBACK,CUST00366,2026-04-12 18:38:32,opened,push
EVT0000795,CMP202604CASHBACK,CUST00366,2026-04-14 13:21:21,clicked,email
EVT0000796,CMP202604CASHBACK,CUST00248,2026-04-06 09:16:59,sent,push
EVT0000797,CMP202604CASHBACK,CUST00443,2026-04-09 10:33:34,sent,email
EVT0000798,CMP202604CASHBACK,CUST00443,2026-04-11 19:01:49,clicked,email
EVT0000799,CMP202604CASHBACK,CUST00330,2026-04-08 15:59:25,sent,email
EVT0000800,CMP202604CASHBACK,CUST00330,2026-04-08 17:44:06,opened,push
EVT0000801,CMP202604CASHBACK,CUST00133,2026-04-11 08:02:12,sent,push
EVT0000802,CMP202604CASHBACK,CUST00133,2026-04-14 15:56:38,clicked,push
EVT0000803,CMP202604CASHBACK,CUST00381,2026-04-05 14:09:43,sent,email
EVT0000804,CMP202604CASHBACK,CUST00381,2026-04-06 10:11:49,opened,push
EVT0000805,CMP202604CASHBACK,CUST00381,2026-04-07 14:03:52,clicked,email
EVT0000806,CMP202604CASHBACK,CUST00132,2026-04-13 16:11:27,sent,whatsapp
EVT0000807,CMP202604CASHBACK,CUST00132,2026-04-16 15:48:35,opened,whatsapp
EVT0000808,CMP202604CASHBACK,CUST00157,2026-04-14 11:33:53,sent,email
EVT0000809,CMP202604CASHBACK,CUST00157,2026-04-14 10:15:19,opened,whatsapp
EVT0000810,CMP202604CASHBACK,CUST00157,2026-04-18 16:49:12,clicked,email
EVT0000811,CMP202604CASHBACK,CUST00356,2026-04-09 11:30:55,sent,whatsapp
EVT0000812,CMP202604CASHBACK,CUST00455,2026-04-13 10:26:02,sent,push
EVT0000813,CMP202604CASHBACK,CUST00455,2026-04-15 18:46:07,opened,push
EVT0000814,CMP202604CASHBACK,CUST00455,2026-04-15 16:44:44,clicked,push
EVT0000815,CMP202604CASHBACK,CUST00148,2026-04-14 08:32:23,sent,whatsapp
EVT0000816,CMP202604CASHBACK,CUST00148,2026-04-16 13:36:11,clicked,push
EVT0000817,CMP202604CASHBACK,CUST00269,2026-04-12 12:37:51,sent,push
EVT0000818,CMP202604CASHBACK,CUST00269,2026-04-15 21:39:36,opened,email
EVT0000819,CMP202604CASHBACK,CUST00205,2026-04-15 12:53:35,sent,whatsapp
EVT0000820,CMP202604CASHBACK,CUST00440,2026-04-15 15:05:56,sent,whatsapp
EVT0000821,CMP202604CASHBACK,CUST00440,2026-04-17 18:24:40,opened,whatsapp
EVT0000822,CMP202604CASHBACK,CUST00440,2026-04-17 18:06:18,clicked,push
EVT0000823,CMP202604CASHBACK,CUST00404,2026-04-13 12:36:39,sent,push
EVT0000824,CMP202604CASHBACK,CUST00388,2026-04-06 10:53:49,sent,push
EVT0000825,CMP202604CASHBACK,CUST00388,2026-04-07 21:27:25,opened,whatsapp
EVT0000826,CMP202604CASHBACK,CUST00354,2026-04-05 14:39:44,sent,push
EVT0000827,CMP202604CASHBACK,CUST00190,2026-04-11 09:29:48,sent,email
EVT0000828,CMP202604CASHBACK,CUST00190,2026-04-14 11:47:13,clicked,email
EVT0000829,CMP202604CASHBACK,CUST00274,2026-04-13 11:33:38,sent,push
EVT0000830,CMP202604CASHBACK,CUST00274,2026-04-15 19:15:57,opened,whatsapp
EVT0000831,CMP202604CASHBACK,CUST00274,2026-04-17 21:01:53,clicked,email
EVT0000832,CMP202604CASHBACK,CUST00231,2026-04-05 13:26:56,sent,whatsapp
EVT0000833,CMP202604CASHBACK,CUST00231,2026-04-06 20:36:39,opened,email
EVT0000834,CMP202604CASHBACK,CUST00208,2026-04-13 10:25:37,sent,email
EVT0000835,CMP202604CASHBACK,CUST00208,2026-04-18 13:05:50,clicked,whatsapp
EVT0000836,CMP202604CASHBACK,CUST00082,2026-04-11 14:22:26,sent,whatsapp
EVT0000837,CMP202604CASHBACK,CUST00082,2026-04-12 09:35:30,opened,email
EVT0000838,CMP202604CASHBACK,CUST00082,2026-04-16 11:49:12,clicked,whatsapp
EVT0000839,CMP202604CASHBACK,CUST00035,2026-04-10 13:59:48,sent,push
EVT0000840,CMP202604CASHBACK,CUST00035,2026-04-11 21:17:25,opened,whatsapp
EVT0000841,CMP202604CASHBACK,CUST00035,2026-04-14 21:49:19,clicked,whatsapp
EVT0000842,CMP202604CASHBACK,CUST00101,2026-04-09 08:54:01,sent,push
EVT0000843,CMP202604CASHBACK,CUST00101,2026-04-10 09:00:42,opened,whatsapp
EVT0000844,CMP202604CASHBACK,CUST00109,2026-04-11 14:04:03,sent,push
EVT0000845,CMP202604CASHBACK,CUST00463,2026-04-13 11:04:05,sent,whatsapp
EVT0000846,CMP202604CASHBACK,CUST00463,2026-04-15 22:52:54,opened,push
EVT0000847,CMP202604CASHBACK,CUST00463,2026-04-13 15:33:03,clicked,whatsapp
EVT0000848,CMP202604CASHBACK,CUST00283,2026-04-15 12:05:18,sent,whatsapp
EVT0000849,CMP202604CASHBACK,CUST00492,2026-04-10 08:29:26,sent,push
EVT0000850,CMP202604CASHBACK,CUST00413,2026-04-14 15:41:26,sent,whatsapp
EVT0000851,CMP202604CASHBACK,CUST00413,2026-04-16 12:40:17,opened,email
EVT0000852,CMP202604CASHBACK,CUST00413,2026-04-17 16:28:38,clicked,email
EVT0000853,CMP202604CASHBACK,CUST00170,2026-04-11 10:03:45,sent,email
EVT0000854,CMP202604CASHBACK,CUST00484,2026-04-11 10:38:08,sent,email
EVT0000855,CMP202604CASHBACK,CUST00484,2026-04-11 20:55:31,opened,whatsapp
EVT0000856,CMP202604CASHBACK,CUST00098,2026-04-12 14:59:03,sent,push
EVT0000857,CMP202604CASHBACK,CUST00261,2026-04-06 12:01:25,sent,whatsapp
EVT0000858,CMP202604CASHBACK,CUST00386,2026-04-08 11:12:29,sent,push
EVT0000859,CMP202604CASHBACK,CUST00386,2026-04-09 14:22:45,opened,push
EVT0000860,CMP202604CASHBACK,CUST00386,2026-04-11 10:29:34,clicked,push
EVT0000861,CMP202604CASHBACK,CUST00019,2026-04-12 08:13:54,sent,push
EVT0000862,CMP202604CASHBACK,CUST00019,2026-04-13 09:24:07,clicked,push
EVT0000863,CMP202604CASHBACK,CUST00341,2026-04-11 11:52:32,sent,whatsapp
EVT0000864,CMP202604CASHBACK,CUST00341,2026-04-14 16:34:36,opened,email
EVT0000865,CMP202604CASHBACK,CUST00468,2026-04-08 11:28:04,sent,whatsapp
EVT0000866,CMP202604CASHBACK,CUST00187,2026-04-14 08:46:10,sent,whatsapp
EVT0000867,CMP202604CASHBACK,CUST00187,2026-04-15 22:25:18,opened,whatsapp
EVT0000868,CMP202604CASHBACK,CUST00187,2026-04-14 15:17:18,clicked,push
EVT0000006,CMP2026053CSI,CUST00450,2026-05-07 09:46:56,sent,email
EVT9999999,CMP2026053CSI,CUST_NO_EXISTE,2026-05-08 10:00:00,clicked,push
EVT9999998,CMP_NO_EXISTE,CUST00001,2026-05-08 10:00:00,sent,email
EVT9999997,CMP2026053CSI,CUST00002,2026-05-08 10:00:00,bounce,email
